{"cameraMode":{"drawMode":0,"name":"Shaded","section":"Shading Mode"},"sceneLighting":true,"audioPlay":false,"sceneViewState":{"showFog":true,"showMaterialUpdate":false,"showSkybox":true,"showFlares":true,"showImageEffects":true,"showParticleSystems":true},"in2DMode":false,"pivot":{"x":1.0028578042984009,"y":6.244407653808594,"z":-3.6343493461608888},"rotation":{"x":0.26651352643966677,"y":-0.06006878241896629,"z":0.016653312370181085,"w":0.961826741695404},"size":1.0993701219558716,"orthographic":false}